,Date,Time,WHP,WHT,dP,Oil Rate,Water Rate,Liquid Rate,Gas Rate,Act Gas Rate,GOR,Gas Density,Oil Density,BSW
0,2017-03-05,02:30:00,214.680089,115.59978,771.585518,2158.252477,11.456634,2169.709111,0.933584,0.050374,432.551397,14.054696,866.324311,0.513391
1,2017-03-05,02:31:00,215.086931,115.631667,724.68063,2141.527828,0.0,2141.527828,0.964693,0.052434,450.236709,14.070959,866.330554,0.0
2,2017-03-05,02:32:00,212.717868,115.59678,746.19097,2003.920464,0.18444,2004.104904,0.84475,0.045468,421.538553,14.011298,866.329055,0.009299
3,2017-03-05,02:33:00,214.602011,115.637261,753.711346,2251.983898,2.164722,2254.14862,0.917107,0.047455,407.633244,14.054206,866.327772,0.87475
4,2017-03-05,02:34:00,215.713754,115.607965,751.063739,2252.004115,12.242715,2264.24683,0.962879,0.050013,427.674712,14.078286,866.324886,0.0
5,2017-03-05,02:35:00,213.751132,115.637048,744.437209,2176.392342,0.0,2176.392342,0.934155,0.050455,429.570878,14.021669,866.316392,0.0
6,2017-03-05,02:36:00,214.182892,115.627593,765.836893,2384.861438,19.929649,2404.791087,0.945844,0.049006,396.600984,14.052604,866.326986,0.0
7,2017-03-05,02:37:00,214.133584,115.734253,731.159005,2086.428381,0.0,2086.428381,0.931907,0.050738,447.198189,14.025846,866.285158,0.0
8,2017-03-05,02:38:00,213.748517,115.690402,768.340793,2142.015834,86.179514,2228.1953479999997,0.940791,0.051072,439.764207,14.016278,866.282145,3.814526
9,2017-03-05,02:39:00,214.343679,115.714799,750.51416,2158.476615,0.0,2158.476615,0.973326,0.053061,450.970112,14.033328,866.272915,0.0
10,2017-03-05,02:40:00,214.186013,115.752961,745.597131,2222.077531,0.0,2222.077531,0.931619,0.04992,419.128986,14.055649,866.260559,0.0
11,2017-03-05,02:41:00,214.482445,115.745621,769.85836,2201.245694,50.245969,2251.4916630000002,0.967556,0.05428,439.50201,14.044571,866.264577,1.976846
12,2017-03-05,02:42:00,213.611775,115.714608,752.776627,2098.509204,0.0,2098.509204,0.921677,0.050973,442.047505,14.014662,866.276298,0.0
13,2017-03-05,02:43:00,213.557547,115.691126,720.763536,2123.759278,21.733861,2145.493139,0.903163,0.048675,426.199642,14.046419,866.295178,0.0
14,2017-03-05,02:44:00,214.263935,115.712394,743.330481,2201.983044,77.694609,2279.677653,0.94231,0.050697,427.891442,14.086436,866.279226,3.268474
15,2017-03-05,02:45:00,214.721111,115.661023,732.433317,2156.827847,0.0,2156.827847,0.955792,0.051823,443.471475,14.04424,866.312464,0.0
16,2017-03-05,02:46:00,214.802607,115.598999,749.830596,2099.867596,31.439699,2131.307295,0.917093,0.049598,437.178864,14.058438,866.32127,1.454716
17,2017-03-05,02:47:00,214.522972,115.71991,707.097092,2151.176355,0.0,2151.176355,0.915838,0.049184,425.712151,14.071658,866.285838,0.0
18,2017-03-05,02:48:00,215.279045,115.587304,734.889278,2257.829261,0.0,2257.829261,0.956104,0.05126,423.388456,14.083491,866.33149,0.0
19,2017-03-05,02:49:00,214.298619,115.653418,756.666837,2216.84499,40.201719,2257.046709,0.922428,0.050432,418.16714,14.030225,866.304821,0.0
20,2017-03-05,02:50:00,214.609081,115.624144,761.425645,2102.42537,55.853904,2158.279274,0.940747,0.051306,449.612609,14.031057,866.317755,1.295609
21,2017-03-05,02:51:00,214.479236,115.775953,746.844933,2204.727376,0.0,2204.727376,0.972272,0.05145,441.322467,14.035885,866.248688,0.176065
22,2017-03-05,02:52:00,214.555674,115.692419,743.657815,2022.929858,35.898282,2058.82814,0.963225,0.05304,476.726529,14.057613,866.287887,1.705967
23,2017-03-05,02:53:00,214.588987,115.701579,754.813901,2152.451862,12.687787,2165.1396489999997,0.92512,0.049864,430.413021,14.047943,866.278092,0.534905
24,2017-03-05,02:54:00,214.528782,115.714479,746.962405,2090.56041,36.477305,2127.037715,0.916002,0.049575,437.813061,14.054002,866.268625,1.758064
25,2017-03-05,02:55:00,215.529962,115.715182,736.666478,2201.31145,0.0,2201.31145,0.985015,0.053417,447.327306,14.083557,866.272393,0.0
26,2017-03-05,02:56:00,214.526112,115.637728,746.165645,2241.366955,21.913614,2263.280569,0.936114,0.050451,417.726876,14.016994,866.301434,0.0
27,2017-03-05,02:57:00,214.953896,115.715795,769.396611,2105.005008,10.080862,2115.08587,0.949465,0.05392,453.283715,14.023929,866.274216,0.0
28,2017-03-05,02:58:00,214.645938,115.658879,737.503719,2296.413168,70.917971,2367.331139,0.902997,0.049058,395.385011,14.068661,866.308758,2.40692
29,2017-03-05,02:59:00,214.95726,115.727122,728.616493,2141.897174,0.0,2141.897174,0.928335,0.050071,433.244776,14.075927,866.274437,0.80857
30,2017-03-05,03:00:00,214.582211,115.712727,758.032034,2207.300273,69.93455,2277.234823,0.92849,0.049728,421.360506,14.051903,866.264662,0.301525
31,2017-03-05,03:01:00,215.11625,115.72766,760.402153,2196.368591,38.014504,2234.383095,0.943481,0.050702,430.228598,14.089376,866.265546,1.731196
32,2017-03-05,03:02:00,213.995899,115.724307,743.354052,2198.699921,78.454358,2277.154279,0.883525,0.046934,404.073868,14.035691,866.26591,3.404196
33,2017-03-05,03:03:00,214.183049,115.737493,755.13525,2184.476711,53.731478,2238.208189,0.945552,0.05116,434.693377,14.016209,866.242153,2.285435
34,2017-03-05,03:04:00,213.875971,115.866879,758.810803,2186.225544,3.294571,2189.520115,0.96927,0.052739,443.236995,14.011737,866.1969,0.146253
35,2017-03-05,03:05:00,215.032489,115.853639,733.47815,2159.890026,17.967529,2177.857555,0.968614,0.052334,449.385889,14.071547,866.194923,0.0
36,2017-03-05,03:06:00,215.306325,115.896212,751.016365,2193.558745,75.633366,2269.192111,0.937671,0.051223,428.021436,14.055957,866.158103,0.529729
37,2017-03-05,03:07:00,214.830649,115.948261,759.659739,2213.112429,41.799355,2254.911784,0.957284,0.051675,433.632974,14.056768,866.110328,0.072078
38,2017-03-05,03:08:00,214.118412,115.95678,753.847284,2249.742163,15.933335,2265.675498,0.95887,0.05169,427.006331,14.042733,866.118757,0.71914
39,2017-03-05,03:09:00,214.198988,116.06246,740.640042,2115.754168,0.0,2115.754168,0.922564,0.049858,437.053662,14.076846,866.066825,0.0
40,2017-03-05,03:10:00,214.507363,116.015236,727.278032,2157.815035,0.0,2157.815035,0.940111,0.050896,435.666884,14.030055,866.091434,0.0
41,2017-03-05,03:11:00,213.764787,116.024898,741.540081,2049.355846,21.454099,2070.809945,0.916685,0.049925,447.494872,14.024126,866.077017,1.016865
42,2017-03-05,03:12:00,215.003576,116.068669,752.250617,2225.690524,26.965177,2252.655701,0.964399,0.052087,433.786814,14.041596,866.050523,1.128262
43,2017-03-05,03:13:00,214.785045,116.047932,720.588418,2135.282725,34.143678,2169.426403,0.8879,0.047436,416.255448,14.070194,866.05969,1.661257
44,2017-03-05,03:14:00,214.960233,116.060774,732.520976,2234.241164,29.867586,2264.10875,0.92624,0.049691,414.681158,14.086913,866.046352,0.0
45,2017-03-05,03:15:00,214.950748,116.049894,745.680589,2207.730697,0.0,2207.730697,0.944744,0.050726,428.379881,14.040388,866.073824,1.635643
46,2017-03-05,03:16:00,214.604392,116.049807,741.255461,2024.234573,12.375862,2036.610435,0.930484,0.050829,460.667549,14.055232,866.064983,0.624805
47,2017-03-05,03:17:00,214.364901,116.100925,717.942473,2099.391664,0.0,2099.391664,0.928676,0.050374,442.383437,14.044129,866.058206,0.0
48,2017-03-05,03:18:00,214.160639,116.060341,752.185812,2192.633049,69.068462,2261.701511,0.935528,0.05046,426.667819,14.035292,866.06474,4.391558
49,2017-03-05,03:19:00,215.32022,116.117323,742.228024,2205.196232,19.049327,2224.245559,0.938473,0.050439,425.741092,14.061048,866.025786,0.841332
50,2017-03-05,03:20:00,215.34006,116.080109,714.066352,2091.292372,0.0,2091.292372,0.883883,0.047286,424.82261,14.098002,866.047275,0.0
51,2017-03-05,03:21:00,214.924254,116.10107,737.236636,2130.525078,17.931754,2148.4568320000003,0.942181,0.051001,442.883881,14.075148,866.034819,0.781846
52,2017-03-05,03:22:00,214.672952,116.127146,763.138855,2197.541941,0.0,2197.541941,0.94515,0.050961,430.183189,14.046777,866.021343,0.0
53,2017-03-05,03:23:00,215.607269,116.101804,764.274728,2313.073522,29.736299,2342.8098210000003,0.963772,0.051899,417.520582,14.072473,866.030545,0.0
54,2017-03-05,03:24:00,214.881804,116.144276,743.574875,2093.563858,0.462251,2094.026109,0.914354,0.051842,437.673818,14.015332,866.018718,3.169997
55,2017-03-05,03:25:00,213.69156,116.158569,753.478303,2054.76358,22.679764,2077.443344,0.92347,0.050355,450.030495,14.008593,866.014733,0.0
56,2017-03-05,03:26:00,213.684925,116.182005,733.862686,2203.852761,0.0,2203.852761,0.938387,0.050598,426.301605,14.058999,866.000133,2.266992
57,2017-03-05,03:27:00,214.489717,116.142061,743.355141,2246.608776,18.567646,2265.176422,0.933674,0.049975,415.650303,14.056497,866.017812,0.781465
58,2017-03-05,03:28:00,214.125425,116.127238,729.885287,2147.138851,0.0,2147.138851,0.948904,0.051561,441.898976,14.020887,866.025041,0.0
59,2017-03-05,03:29:00,214.227823,116.120337,737.53489,2204.616794,66.028932,2270.645726,0.942155,0.050327,427.259701,14.025319,866.02247,0.0
60,2017-03-05,03:30:00,214.43313,116.128391,769.974723,2291.363036,60.522986,2351.886022,0.923513,0.04969,403.398607,14.002809,866.006921,2.368065
61,2017-03-05,03:31:00,213.827373,116.132477,728.504461,2009.053512,63.81375,2072.8672619999998,0.947057,0.056267,472.60399,14.004328,866.011021,1.026902
62,2017-03-05,03:32:00,215.185054,116.173164,735.936367,2119.570649,22.716658,2142.2873069999996,0.978854,0.053088,461.814547,14.074344,866.005504,2.839219
63,2017-03-05,03:33:00,214.112483,116.134482,745.317168,2193.48987,58.860566,2252.3504359999997,0.950309,0.051362,436.233824,14.053832,866.021263,2.533782
64,2017-03-05,03:34:00,215.502174,116.086135,745.635724,2264.74127,0.0,2264.74127,0.938392,0.050136,414.532763,14.063469,866.024706,0.0
65,2017-03-05,03:35:00,214.533485,116.10995,752.134298,2130.503285,50.191674,2180.694959,0.958915,0.052237,449.831929,14.021893,866.024583,2.033411
66,2017-03-05,03:36:00,214.504078,116.088396,752.699295,2034.959946,0.0,2034.959946,0.921604,0.050171,454.832421,14.063892,866.039129,0.0
67,2017-03-05,03:37:00,214.795419,116.094439,748.04478,2191.418984,0.0,2191.418984,0.948885,0.051228,433.907215,14.049871,866.034539,0.0
68,2017-03-05,03:38:00,216.133043,116.040622,737.440599,2250.740977,0.0,2250.740977,0.98895,0.051535,439.67632,14.097311,866.058253,0.0
69,2017-03-05,03:39:00,215.298299,115.966298,760.09759,2279.961379,25.149905,2305.111284,0.924815,0.048123,405.547581,14.073305,866.091649,0.468731
70,2017-03-05,03:40:00,213.868668,116.036127,745.333603,2285.293274,41.662449,2326.955723,0.956633,0.048127,418.634443,14.055209,866.079218,0.0
71,2017-03-05,03:41:00,214.669088,116.08492,770.004942,2200.437292,0.0,2200.437292,0.974575,0.052897,442.768718,14.038805,866.042665,0.0
72,2017-03-05,03:42:00,214.826313,116.107861,780.555288,2190.296089,0.0,2190.296089,0.96823,0.052525,441.952892,14.021714,866.029591,0.0
73,2017-03-05,03:43:00,214.443816,116.057924,750.921675,2214.092179,36.436154,2250.528333,0.930952,0.050002,423.300854,14.029411,866.070385,1.607285
74,2017-03-05,03:44:00,215.443052,116.016273,742.413945,2233.643118,54.877268,2288.520386,0.950319,0.050999,425.705831,14.087508,866.082821,2.395171
75,2017-03-05,03:45:00,214.909339,115.96307,752.350241,2172.622862,123.171394,2295.794256,0.934725,0.050367,430.089574,14.054921,866.100192,5.215718
76,2017-03-05,03:46:00,214.386636,116.000785,751.640244,2207.360037,46.474911,2253.8349479999997,0.946792,0.051072,428.821573,14.033297,866.090829,1.984227
77,2017-03-05,03:47:00,214.102137,116.045321,757.511803,2165.75122,0.0,2165.75122,0.90503,0.052423,417.087834,14.049252,866.088122,0.56351
78,2017-03-05,03:48:00,214.390027,116.021972,751.384611,2138.793437,22.403235,2161.196672,0.932775,0.052019,436.033568,14.015851,866.08672,3.47388
79,2017-03-05,03:49:00,215.131832,115.983588,743.6429,2259.470783,48.15765,2307.6284330000003,0.996881,0.049752,441.105485,14.078434,866.109825,0.0
80,2017-03-05,03:50:00,214.669508,115.9441,740.213801,2071.788367,91.545603,2163.33397,0.894205,0.048225,431.257941,14.06646,866.115844,3.119017
81,2017-03-05,03:51:00,215.338401,115.998047,749.627844,2149.937042,25.189489,2175.126531,0.952806,0.051548,443.330616,14.093618,866.093395,1.096408
82,2017-03-05,03:52:00,214.393077,116.021526,770.637376,2052.694813,57.706035,2110.400848,0.894111,0.048304,435.366479,14.041234,866.087537,2.71329
83,2017-03-05,03:53:00,214.216167,115.914826,764.040803,2245.075863,41.068713,2286.144576,0.928271,0.049659,412.592771,14.051025,866.166344,0.0
84,2017-03-05,03:54:00,214.881694,115.98889,749.249075,2352.295734,30.223302,2382.5190359999997,0.970968,0.051901,412.663397,14.040618,866.111128,1.220698
85,2017-03-05,03:55:00,213.962531,115.996902,743.532711,2221.945088,13.608562,2235.55365,0.945379,0.051416,425.820663,14.005483,866.097683,0.0
86,2017-03-05,03:56:00,215.080758,115.979089,751.691847,2110.177611,15.209749,2125.38736,0.904759,0.050147,428.86106,14.01094,866.112752,0.312231
87,2017-03-05,03:57:00,215.86374,116.013307,753.929704,2228.115466,0.0,2228.115466,0.981411,0.052988,440.096303,14.064326,866.097489,0.312112
88,2017-03-05,03:58:00,215.904212,115.805551,762.019305,2520.105753,71.275456,2591.3812089999997,0.9306,0.044365,369.411901,14.06453,866.179546,0.0
89,2017-03-05,03:59:00,214.439922,115.963226,733.369243,2134.496589,40.307831,2174.80442,0.942794,0.051128,443.239736,14.062766,866.124573,1.601384
90,2017-03-05,04:00:00,214.723249,116.003873,750.800983,2320.196187,64.047422,2384.243609,0.951779,0.050748,410.52821,14.054558,866.10808,2.506268
91,2017-03-05,04:01:00,214.262624,115.993546,753.514556,2137.156215,0.0,2137.156215,0.940322,0.051016,440.793619,14.029133,866.106303,0.0
92,2017-03-05,04:02:00,214.000067,115.948486,733.611277,2080.541859,15.311896,2095.853755,0.912318,0.049456,439.038625,14.030281,866.135466,0.766481
93,2017-03-05,04:03:00,214.034084,115.979489,738.666526,2125.248166,0.0,2125.248166,0.955604,0.052158,449.799366,14.027799,866.120099,1.312092
94,2017-03-05,04:04:00,214.234761,115.895701,736.791406,2090.386968,0.0,2090.386968,0.964269,0.052694,462.739543,14.045988,866.156802,0.0
95,2017-03-05,04:05:00,214.684547,115.886161,748.858023,2124.802127,0.0,2124.802127,0.915226,0.049346,430.678986,14.062779,866.162917,0.0
96,2017-03-05,04:06:00,214.49811,115.810258,750.026904,2079.436599,52.322848,2131.759447,0.943533,0.051453,456.113316,14.048581,866.202461,2.553046
97,2017-03-05,04:07:00,215.021857,115.869565,774.623321,2283.20475,13.379951,2296.5847009999998,0.96971,0.05215,425.359678,14.028089,866.175811,0.0
98,2017-03-05,04:08:00,215.3516,115.806147,729.075262,2233.579681,45.011263,2278.590944,0.916299,0.048761,410.276063,14.081164,866.209351,1.948069
99,2017-03-05,04:09:00,214.272753,115.768614,753.214642,2166.616954,21.31407,2187.931024,0.943969,0.051076,437.238032,14.037898,866.222429,0.935416
100,2017-03-05,04:10:00,214.009749,115.82039,720.416449,2154.811918,0.0,2154.811918,0.944419,0.051106,438.603736,14.053561,866.217487,0.0
101,2017-03-05,04:11:00,215.874225,115.789583,754.865267,2179.3794,12.55658,2191.9359799999997,1.004426,0.051657,460.707712,14.097886,866.232304,0.0
102,2017-03-05,04:12:00,214.951416,115.808229,734.361204,2088.443107,0.0,2088.443107,0.96335,0.052701,461.21629,14.076229,866.224448,1.823976
103,2017-03-05,04:13:00,215.348329,115.78627,767.833662,2292.028631,29.363489,2321.39212,0.941902,0.050186,410.081128,14.052847,866.221896,1.2856
104,2017-03-05,04:14:00,214.659912,115.739942,746.147231,2120.66495,60.755034,2181.4199839999997,0.919932,0.04965,434.07656,14.05689,866.247821,2.620443
105,2017-03-05,04:15:00,215.396346,115.74799,749.503396,2214.963103,0.0,2214.963103,0.944932,0.050755,426.605944,14.089476,866.249711,0.0
106,2017-03-05,04:16:00,214.025692,115.680925,762.28455,2109.66206,90.404029,2200.066089,0.906072,0.0489,432.752733,14.030196,866.280227,4.375526
107,2017-03-05,04:17:00,215.245777,115.732062,708.120113,2031.854989,0.0,2031.854989,0.942124,0.051386,462.96602,14.100571,866.273402,0.0
108,2017-03-05,04:18:00,215.967265,115.637093,770.187214,2374.162723,61.481251,2435.643974,0.916221,0.047945,389.659335,14.112598,866.327726,2.739298
109,2017-03-05,04:19:00,214.339548,115.650095,743.476601,2208.481303,38.555648,2247.036951,0.950861,0.049673,430.550348,14.052765,866.307157,0.285512
110,2017-03-05,04:20:00,214.921848,115.705601,724.770334,2131.243427,36.830098,2168.073525,0.929986,0.049634,436.369888,14.097573,866.289008,0.0
111,2017-03-05,04:21:00,214.431495,115.636448,750.213967,2190.44538,16.324752,2206.770132,0.956432,0.049598,436.651939,14.090919,866.318542,0.0
112,2017-03-05,04:22:00,214.94896,115.630348,763.878092,2124.787661,45.234279,2170.0219399999996,0.939977,0.050911,443.140532,14.054136,866.319426,2.058276
113,2017-03-05,04:23:00,213.867303,115.578139,782.328661,2124.170848,35.730854,2159.901702,0.927343,0.050208,438.384249,14.034698,866.342999,1.740999
114,2017-03-05,04:24:00,214.92004,115.544985,745.3333,2172.244032,44.409653,2216.653685,0.980519,0.053324,452.765487,14.068938,866.367373,2.056464
115,2017-03-05,04:25:00,214.787982,115.577608,749.962143,2236.324882,0.0,2236.324882,0.940451,0.050391,420.960143,14.066315,866.354868,0.0
116,2017-03-05,04:26:00,216.145676,115.551577,732.039271,2160.104427,18.903676,2179.008103,0.943936,0.05078,437.786968,14.12436,866.364954,0.874775
117,2017-03-05,04:27:00,215.438029,115.470925,776.768032,2229.755289,96.497479,2326.2527680000003,0.985086,0.052247,441.567008,14.108339,866.410193,2.353817
118,2017-03-05,04:28:00,214.912244,115.494231,741.46616,2123.889751,21.859342,2145.7490930000004,0.901529,0.050227,425.655643,14.081155,866.3997,0.96438
119,2017-03-05,04:29:00,214.921184,115.516778,737.456192,2217.649404,0.0,2217.649404,0.950573,0.049567,428.618142,14.105453,866.39896,0.0
120,2017-03-05,04:30:00,215.288285,115.499874,736.103027,2209.948921,0.0,2209.948921,0.947812,0.050832,428.508371,14.105122,866.403989,0.0
121,2017-03-05,04:31:00,215.083828,115.506114,740.085893,2155.197545,0.0,2155.197545,0.942257,0.050801,437.237216,14.110175,866.403305,0.0
122,2017-03-05,04:32:00,215.248396,115.435765,738.513866,2330.351669,0.0,2330.351669,0.941535,0.049925,404.206643,14.083235,866.451063,0.0
123,2017-03-05,04:33:00,214.544891,115.41228,734.411277,2160.013546,41.515205,2201.5287510000003,0.93771,0.050573,434.108182,14.075383,866.445935,1.907305
124,2017-03-05,04:34:00,215.841457,115.484534,748.498547,2260.041276,0.0,2260.041276,0.991667,0.052245,439.320853,14.09417,866.424657,0.0
125,2017-03-05,04:35:00,215.904755,115.422894,772.023263,2286.609394,0.0,2286.609394,0.954089,0.049318,417.294967,14.092526,866.435178,0.0
126,2017-03-05,04:36:00,214.904913,115.451077,743.591753,2137.122577,0.0,2137.122577,0.917493,0.050173,429.380848,14.065614,866.420325,0.0
127,2017-03-05,04:37:00,213.651874,115.496715,760.16666,2036.407514,42.139916,2078.54743,0.973868,0.053763,481.23947,14.01151,866.390465,2.17721
128,2017-03-05,04:38:00,215.47394,115.460519,752.513414,2214.255548,0.0,2214.255548,0.986824,0.053469,446.838059,14.087428,866.428408,0.0
129,2017-03-05,04:39:00,214.971937,115.367107,756.016484,2144.655218,12.655784,2157.311002,0.890317,0.047485,421.225915,14.08428,866.454684,0.690874
130,2017-03-05,04:40:00,214.487235,115.439102,729.132839,2168.954419,0.0,2168.954419,0.965226,0.052353,445.555887,14.066238,866.448704,0.0
131,2017-03-05,04:41:00,214.772426,115.417155,744.377977,2232.03255,0.0,2232.03255,0.928996,0.049689,416.370487,14.058485,866.45006,0.0
132,2017-03-05,04:42:00,215.009973,115.418046,751.01014,2345.026656,0.0,2345.026656,0.938142,0.050096,401.422534,14.061228,866.472761,0.0
133,2017-03-05,04:43:00,213.782583,115.374574,754.597624,2193.92853,0.0,2193.92853,0.943049,0.050554,430.205633,14.056686,866.475511,0.0
134,2017-03-05,04:44:00,214.305628,115.470811,727.505004,2164.88968,0.0,2164.88968,0.978867,0.052084,452.340786,14.062957,866.431563,0.0
135,2017-03-05,04:45:00,216.030733,115.371989,756.572915,2288.313786,3.213916,2291.5277020000003,0.904736,0.047614,395.335084,14.117765,866.437876,0.141443
136,2017-03-05,04:46:00,215.648548,115.444337,751.789176,2094.541537,87.44092,2181.982457,0.927454,0.050099,443.729354,14.107645,866.42096,4.004742
137,2017-03-05,04:47:00,215.782983,115.447122,752.244712,2235.689482,0.0,2235.689482,0.945073,0.05052,422.751512,14.115165,866.435927,0.0
138,2017-03-05,04:48:00,214.268747,115.483874,746.294897,2148.584257,8.075586,2156.659843,0.907749,0.04873,423.431639,14.053312,866.42384,0.42994
139,2017-03-05,04:49:00,215.140507,115.430936,740.985436,2233.983474,0.0,2233.983474,0.951885,0.051181,427.381947,14.058079,866.432363,0.0
140,2017-03-05,04:50:00,216.218943,115.56722,717.229219,2180.910771,0.0,2180.910771,0.953273,0.051211,436.995673,14.145305,866.382454,0.0
141,2017-03-05,04:51:00,215.561541,115.487691,729.032843,2214.249835,0.0,2214.249835,0.926983,0.048314,419.418386,14.105675,866.408368,1.217069
142,2017-03-05,04:52:00,214.738358,115.553484,763.927416,2213.16843,58.043193,2271.211623,0.976953,0.05169,441.362855,14.065582,866.372993,1.544156
143,2017-03-05,04:53:00,214.466137,115.421156,758.904484,2204.783915,41.944629,2246.728544,0.925713,0.049697,419.390093,14.053575,866.421542,1.851412
144,2017-03-05,04:54:00,214.488206,115.604168,733.422565,2150.544995,0.0,2150.544995,0.924995,0.049842,429.977399,14.063336,866.353134,0.0
145,2017-03-05,04:55:00,213.89091,115.575966,744.110413,2053.125394,44.69996,2097.825354,0.910503,0.049426,446.399763,14.044341,866.365963,2.127074
146,2017-03-05,04:56:00,213.544398,115.627039,756.908411,1992.99514,13.389081,2006.384221,0.911722,0.049842,459.229238,14.033376,866.334167,0.753976
147,2017-03-05,04:57:00,215.49612,115.618941,721.965357,2219.33668,0.0,2219.33668,0.957434,0.051433,431.412405,14.107546,866.336569,0.0
148,2017-03-05,04:58:00,215.734278,115.692186,721.856978,2201.614178,0.0,2201.614178,0.953859,0.051257,433.142994,14.115598,866.302699,0.0
149,2017-03-05,04:59:00,214.353262,115.684108,725.499456,2015.90309,5.672938,2021.576028,0.951462,0.05483,471.860811,14.067806,866.288859,0.0
150,2017-03-05,05:00:00,214.551798,115.657316,742.71102,2273.25901,0.0,2273.25901,0.954229,0.048961,419.756432,14.073381,866.302721,0.375536
151,2017-03-05,05:01:00,214.557331,115.671589,762.723244,2296.824366,50.661319,2347.4856849999996,0.912391,0.048423,397.373895,14.060192,866.288266,5.027461
152,2017-03-05,05:02:00,215.466854,115.787307,751.146994,2264.931693,0.0,2264.931693,0.927317,0.049368,409.312802,14.061611,866.224452,0.0
153,2017-03-05,05:03:00,215.554421,115.798784,731.273278,2210.514165,0.0,2210.514165,0.957393,0.051486,433.494843,14.104089,866.226274,0.0
154,2017-03-05,05:04:00,216.16646,115.786261,748.597186,2241.047401,51.916423,2292.963824,0.931367,0.049579,415.518726,14.11768,866.217342,2.277716
155,2017-03-05,05:05:00,214.735495,115.844033,730.544433,2077.247795,0.0,2077.247795,0.955742,0.052059,461.788437,14.100263,866.203561,0.0
156,2017-03-05,05:06:00,215.58358,115.907948,772.28464,2166.975866,34.061268,2201.037134,0.968491,0.052274,446.891001,14.118875,866.163446,0.0
157,2017-03-05,05:07:00,215.088628,115.918927,763.526649,2200.270573,0.0,2200.270573,1.009632,0.055052,458.760828,14.079078,866.16502,0.0
158,2017-03-05,05:08:00,215.004668,115.86647,749.78262,2085.741165,13.710267,2099.451432,0.932091,0.050427,452.622206,14.081878,866.166212,0.0
159,2017-03-05,05:09:00,214.318062,115.958659,753.005743,2334.370785,0.0,2334.370785,0.951333,0.049389,407.487131,14.087345,866.126166,0.0
160,2017-03-05,05:10:00,214.810427,115.961026,758.766446,2277.791986,5.599448,2283.391434,0.969391,0.050194,425.173242,14.070404,866.109144,0.0
161,2017-03-05,05:11:00,214.827786,115.967771,768.217239,2300.664288,0.556902,2301.2211899999998,0.961772,0.05154,418.284522,14.012044,866.124759,0.023717
162,2017-03-05,05:12:00,215.217604,115.969122,741.242571,2102.74982,64.903761,2167.653581,0.978086,0.053507,465.423683,14.071257,866.11066,2.917114
163,2017-03-05,05:13:00,214.679042,115.982651,736.712684,2166.339752,53.583144,2219.922896,0.933278,0.050305,431.531407,14.068218,866.105172,2.301297
164,2017-03-05,05:14:00,213.844707,115.971442,763.241932,2107.45095,37.075429,2144.526379,0.941748,0.051266,448.793097,14.027312,866.116818,1.816032
165,2017-03-05,05:15:00,214.990518,115.970921,748.415657,2124.959234,0.0,2124.959234,0.942767,0.051721,444.453146,14.084538,866.110146,0.0
166,2017-03-05,05:16:00,214.648545,115.973381,719.149519,2202.503467,0.0,2202.503467,0.919338,0.051908,417.749621,14.072115,866.12244,0.0
167,2017-03-05,05:17:00,215.061372,115.938034,758.728368,2239.506665,36.337572,2275.844237,0.931286,0.052095,415.888162,14.048911,866.139107,0.46386
168,2017-03-05,05:18:00,215.678139,115.98821,766.893834,2163.191551,7.877344,2171.068895,0.956933,0.051628,442.406439,14.100762,866.107429,0.0
169,2017-03-05,05:19:00,216.100528,115.892339,741.411261,2061.460376,71.947343,2133.407719,0.92027,0.050547,446.336717,14.097827,866.150894,3.135435
170,2017-03-05,05:20:00,216.326113,115.983657,764.579376,2280.306541,31.990155,2312.296696,0.994096,0.053518,436.035193,14.09719,866.099625,1.314286
171,2017-03-05,05:21:00,215.575297,115.972717,763.325207,2291.544321,0.0,2291.544321,0.9602,0.0513,419.937565,14.093595,866.113469,0.0
172,2017-03-05,05:22:00,214.726168,115.959261,736.031209,2202.947275,0.0,2202.947275,0.952677,0.051371,432.450474,14.062612,866.130305,0.0
173,2017-03-05,05:23:00,215.065676,115.96085,763.451949,2054.111718,56.716536,2110.828254,0.933384,0.050808,454.185764,14.072912,866.126116,2.664041
174,2017-03-05,05:24:00,215.330308,115.916163,742.969055,2147.872007,56.450876,2204.322883,0.94285,0.050923,439.03619,14.084155,866.1362,2.540748
175,2017-03-05,05:25:00,214.26882,115.938399,735.798928,2178.59274,86.877719,2265.470459,0.905737,0.049337,415.884341,14.066638,866.137949,0.0
176,2017-03-05,05:26:00,215.129275,115.984962,761.063456,2275.856012,0.0,2275.856012,0.97934,0.050581,430.846905,14.073088,866.108433,1.559393
177,2017-03-05,05:27:00,214.149695,116.034765,719.277464,2236.067355,0.0,2236.067355,0.947304,0.05087,423.743885,14.082168,866.100905,1.480798
178,2017-03-05,05:28:00,214.843285,116.006268,734.112645,2123.548425,0.0,2123.548425,0.940492,0.050239,442.917559,14.099348,866.10728,0.0
179,2017-03-05,05:29:00,215.332854,116.029813,765.45952,2253.958938,13.556284,2267.515222,0.960861,0.051565,426.314714,14.08541,866.078499,2.558072
180,2017-03-05,05:30:00,215.091002,116.019599,737.894748,2168.915107,50.645416,2219.5605229999996,0.934376,0.050295,431.316057,14.075842,866.083862,2.280422
181,2017-03-05,05:31:00,215.515291,116.039672,751.305033,2175.306995,0.0,2175.306995,0.983489,0.053476,452.181565,14.07648,866.066922,0.0
182,2017-03-05,05:32:00,215.1185,116.090408,746.351916,2129.991619,0.0,2129.991619,0.939447,0.050805,442.257313,14.079471,866.047335,0.0
183,2017-03-05,05:33:00,216.269679,116.112791,747.004551,2198.218709,72.740501,2270.95921,0.950049,0.051012,432.711017,14.117316,866.027188,2.95599
184,2017-03-05,05:34:00,216.209289,116.125154,753.592677,2272.419289,18.952249,2291.371538,0.999448,0.051871,439.692767,14.125645,866.028946,0.0
185,2017-03-05,05:35:00,215.707364,116.054302,729.004931,2253.701164,0.0,2253.701164,0.933507,0.047752,413.501497,14.111498,866.071894,0.954892
186,2017-03-05,05:36:00,215.102271,116.073407,745.628733,2207.76559,15.77774,2223.54333,0.954457,0.051383,432.135016,14.066119,866.056362,0.0
187,2017-03-05,05:37:00,214.975649,116.114782,715.058733,2093.483156,0.0,2093.483156,0.904004,0.048639,431.906913,14.110694,866.031113,0.0
188,2017-03-05,05:38:00,214.820863,116.032807,744.996779,2195.80169,69.761017,2265.5627069999996,0.927225,0.049747,423.098429,14.048912,866.064111,2.896573
189,2017-03-05,05:39:00,215.706476,116.187081,756.546164,2196.877878,0.0,2196.877878,0.971567,0.052606,442.126086,14.071244,865.985784,0.0
190,2017-03-05,05:40:00,200.62157,113.733495,75.700692,411.482162,0.0,411.482162,0.417599,0.026712,1109.931615,13.292893,867.245453,0.0
191,2017-03-05,05:41:00,201.248552,110.160533,121.770783,650.92991,3.761283,654.691193,0.218576,0.011645,691.421085,13.338741,869.75018,2.449337
192,2017-03-05,05:42:00,207.719821,110.536488,513.731644,2035.063627,0.0,2035.063627,0.73138,0.034556,378.268674,13.749076,869.422452,0.0
193,2017-03-05,05:43:00,211.458496,110.069063,710.265009,2054.673451,64.007532,2118.680983,0.862211,0.047144,449.174365,13.958763,869.714357,4.48478
194,2017-03-05,05:44:00,212.987133,109.847152,798.97974,2236.836883,85.034455,2321.871338,1.094929,0.055657,502.239274,14.131125,869.857773,0.063174
195,2017-03-05,05:45:00,216.153993,109.753714,950.5101,1990.246249,0.0,1990.246249,1.232013,0.069613,620.577795,14.312189,869.90795,0.0
196,2017-03-05,05:46:00,216.787428,109.627551,998.279372,1768.987103,27.100114,1796.087217,1.321663,0.078018,755.992764,14.330596,869.998651,1.648226
197,2017-03-05,05:47:00,219.578947,109.978015,1124.704704,2429.679355,0.0,2429.679355,1.280153,0.069653,531.323366,14.464216,869.788762,0.0
198,2017-03-05,05:48:00,222.7964,109.932262,1211.553969,2278.187481,0.0,2278.187481,1.366314,0.074712,598.401021,14.681642,869.796699,0.0
199,2017-03-05,05:49:00,223.654785,109.807105,1234.005208,2301.590735,8.226343,2309.817078,1.494569,0.082368,669.802638,14.734535,869.882444,0.342371
200,2017-03-05,05:50:00,222.42126,109.664972,1289.518807,2265.855894,31.371041,2297.2269349999997,1.404132,0.076796,614.886353,14.734514,869.973979,1.403733
201,2017-03-05,05:51:00,224.992085,110.449119,1475.693425,3346.434147,0.0,3346.434147,1.151714,0.055604,348.188868,14.806883,869.528089,0.0
202,2017-03-05,05:52:00,227.239186,110.60509,1459.817172,2954.99362,0.0,2954.99362,1.285137,0.064189,434.951641,14.963817,869.383102,0.624479
203,2017-03-05,05:53:00,227.111448,110.123764,1464.743774,2501.33505,68.28186,2569.61691,1.545712,0.077236,625.016369,15.105428,869.700165,2.87731
204,2017-03-05,05:54:00,228.102075,109.828261,1534.456813,2843.53223,22.85229,2866.3845199999996,1.435469,0.074492,510.12559,15.043388,869.843178,0.973188
205,2017-03-05,05:55:00,230.560804,109.943647,1518.07275,2589.529328,0.0,2589.529328,1.743856,0.094013,679.697483,15.056747,869.819183,0.0
206,2017-03-05,05:56:00,228.49967,109.828668,1503.131015,2579.686744,39.972015,2619.658759,1.546409,0.082292,611.579225,15.076716,869.872261,1.21122
207,2017-03-05,05:57:00,228.534546,109.770102,1516.909687,2733.332626,0.0,2733.332626,1.574627,0.083232,577.198421,15.086986,869.928657,0.0
208,2017-03-05,05:58:00,229.194738,109.643423,1563.777737,2744.324443,108.09899,2852.423433,1.516797,0.079407,569.223884,15.095879,870.018069,3.559368
209,2017-03-05,05:59:00,230.617358,110.153679,1601.577243,2991.178639,0.0,2991.178639,1.457311,0.074815,493.439901,15.168431,869.690158,0.0
210,2017-03-05,06:00:00,232.304841,110.007203,1642.185576,3033.079701,59.202035,3092.281736,1.49381,0.073316,496.702536,15.214733,869.761334,2.243484
211,2017-03-05,06:01:00,230.446088,109.647949,1567.160475,2482.960205,0.0,2482.960205,1.685452,0.090283,688.469674,15.255881,870.003232,0.0
212,2017-03-05,06:02:00,228.654667,109.178708,1506.643009,2055.876704,0.0,2055.876704,1.708086,0.093971,831.880243,15.240743,870.282927,0.0
213,2017-03-05,06:03:00,231.311972,109.162543,1532.490088,2739.021068,53.214746,2792.235814,1.6789,0.088937,622.487726,15.138905,870.25734,1.923299
214,2017-03-05,06:04:00,228.151955,109.36264,1563.568368,2529.662276,100.777412,2630.439688,1.441588,0.07611,580.633446,15.084023,870.164988,3.801239
215,2017-03-05,06:05:00,231.280713,110.443893,1827.674322,4118.891607,0.0,4118.891607,1.242702,0.056085,317.601354,15.19265,869.538466,0.0
216,2017-03-05,06:06:00,232.137092,110.06682,1703.167218,3037.996698,7.084628,3045.081326,1.516316,0.077241,498.55745,15.276489,869.702875,0.251
217,2017-03-05,06:07:00,233.276348,109.853735,1731.924353,2912.384752,32.460222,2944.844974,1.570578,0.079837,541.447529,15.327577,869.827923,1.148638
218,2017-03-05,06:08:00,232.33223,110.072652,1849.821677,3472.665319,20.756543,3493.421862,1.360594,0.066206,429.66927,15.27763,869.708806,2.907242
219,2017-03-05,06:09:00,234.452737,110.241488,1847.807751,3197.240833,0.0,3197.240833,1.528357,0.076667,484.094018,15.378369,869.589746,0.0
220,2017-03-05,06:10:00,233.96333,110.11447,1841.064597,3084.436675,39.933104,3124.369779,1.451314,0.072485,472.988598,15.403975,869.699778,1.454587
221,2017-03-05,06:11:00,235.166366,110.006125,1837.69771,3117.198633,0.0,3117.198633,1.627651,0.082606,530.812659,15.453405,869.760273,0.0
222,2017-03-05,06:12:00,234.927332,109.680978,1822.726866,3163.76695,31.737741,3195.504691,1.556998,0.078299,494.481686,15.383639,869.935318,1.101349
223,2017-03-05,06:13:00,233.852073,110.201871,1849.704423,3467.391676,0.0,3467.391676,1.389022,0.067159,400.578458,15.376234,869.667597,0.0
224,2017-03-05,06:14:00,234.135564,110.139893,1893.56608,3612.74727,0.0,3612.74727,1.399354,0.070879,393.626527,15.429667,869.666443,0.330167
225,2017-03-05,06:15:00,234.841464,110.270321,1983.458473,3457.449411,0.0,3457.449411,1.487643,0.071985,429.662723,15.431854,869.59542,1.577201
226,2017-03-05,06:16:00,236.532746,110.184385,1978.206154,3230.787418,5.273062,3236.06048,1.523261,0.076044,478.071114,15.510021,869.664236,0.430838
227,2017-03-05,06:17:00,236.226323,110.104345,1991.24224,3442.922411,0.0,3442.922411,1.690945,0.082799,490.527971,15.518541,869.705686,0.0
228,2017-03-05,06:18:00,236.498572,109.84898,1910.380068,2955.932141,0.0,2955.932141,1.734538,0.089287,586.49966,15.42274,869.880384,0.0
229,2017-03-05,06:19:00,235.569421,110.286521,2007.931608,3738.979654,1.941908,3740.921562,1.415225,0.067121,380.589413,15.473731,869.596368,0.04875
230,2017-03-05,06:20:00,236.215119,110.358152,2029.68068,3666.676455,65.276684,3731.9531389999997,1.416298,0.067106,387.672973,15.547649,869.53597,1.675834
231,2017-03-05,06:21:00,236.848925,110.349924,2083.449152,3788.098059,39.58249,3827.6805489999997,1.457523,0.068864,384.840428,15.571978,869.554536,1.010554
232,2017-03-05,06:22:00,237.222856,110.540582,2138.980298,3892.833069,8.624281,3901.4573499999997,1.402444,0.065166,361.671093,15.568138,869.430489,0.202989
233,2017-03-05,06:23:00,238.570964,110.4275,2130.196585,3814.205229,0.0,3814.205229,1.532864,0.072922,401.871626,15.631167,869.49531,0.0
234,2017-03-05,06:24:00,239.580112,110.177166,2037.709583,3331.999703,0.0,3331.999703,1.65828,0.082336,503.182544,15.700861,869.645691,0.089564
235,2017-03-05,06:25:00,237.953162,110.426476,2100.383476,3848.303651,0.0,3848.303651,1.389153,0.06758,367.992273,15.619482,869.523772,0.0
236,2017-03-05,06:26:00,238.928768,110.638283,2290.51571,4456.311924,39.926365,4496.238289,1.313483,0.05709,300.063893,15.664176,869.37066,1.078227
237,2017-03-05,06:27:00,237.586368,110.563553,2217.660926,3903.909157,0.0,3903.909157,1.339082,0.060972,347.875988,15.633044,869.45731,0.0
238,2017-03-05,06:28:00,237.85183,110.467869,2163.310257,3719.17113,0.0,3719.17113,1.5902,0.076299,431.420728,15.713203,869.4818,0.0
239,2017-03-05,06:29:00,238.990168,109.897777,2077.857089,3583.492315,57.386428,3640.8787429999998,1.639092,0.079954,465.326365,15.680176,869.791925,1.791069
240,2017-03-05,06:30:00,238.583528,110.35452,2166.673218,4282.651081,0.0,4282.651081,1.396103,0.062631,330.648855,15.661393,869.60372,0.0
241,2017-03-05,06:31:00,238.882403,110.247839,2101.678575,3697.423001,33.210255,3730.633256,1.552038,0.071871,425.28876,15.656708,869.60689,0.0
242,2017-03-05,06:32:00,239.78369,110.443016,2217.673078,4059.71519,3.746344,4063.461534,1.446366,0.067857,385.484853,15.704376,869.500194,0.770846
243,2017-03-05,06:33:00,239.098398,110.34397,2162.74014,4252.793899,96.020635,4348.814534,1.670894,0.075376,401.129372,15.662712,869.576099,0.0
244,2017-03-05,06:34:00,238.527491,110.144719,2091.649617,3674.099166,50.69462,3724.793786,1.578575,0.07609,436.313819,15.670528,869.64186,1.482381
245,2017-03-05,06:35:00,238.076723,110.370654,2209.936117,4439.530895,0.0,4439.530895,1.350744,0.059361,350.621668,15.652652,869.540841,0.0
246,2017-03-05,06:36:00,239.577507,110.744566,2248.678507,4270.147998,0.0,4270.147998,1.467068,0.06655,342.348502,15.717464,869.281183,0.0
247,2017-03-05,06:37:00,239.627929,110.595571,2301.987335,4125.251457,54.128378,4179.379835000001,1.437865,0.065527,351.224939,15.710138,869.37951,1.370053
248,2017-03-05,06:38:00,239.916988,110.261481,2060.172285,3538.518844,0.0,3538.518844,1.624065,0.078851,459.982982,15.762414,869.596035,0.0
249,2017-03-05,06:39:00,240.127689,110.038955,2081.233699,3283.443002,35.916872,3319.3598739999998,1.667035,0.082523,508.848529,15.755365,869.731955,1.103869
250,2017-03-05,06:40:00,241.225859,110.364806,2221.605024,4209.179449,0.0,4209.179449,1.53923,0.068375,374.103416,15.73542,869.524695,0.0
251,2017-03-05,06:41:00,238.700306,110.509427,2171.743301,3501.982257,38.473731,3540.455988,1.45765,0.069456,422.260731,15.696222,869.452557,1.202683
252,2017-03-05,06:42:00,239.411128,110.303766,2122.67922,3425.826003,0.0,3425.826003,1.499603,0.072226,440.404652,15.775421,869.57355,0.0
253,2017-03-05,06:43:00,237.586928,110.115349,2062.635971,3350.425483,7.208797,3357.6342799999998,1.598871,0.078634,481.098714,15.675026,869.701512,0.235591
254,2017-03-05,06:44:00,239.326228,110.299808,2210.456771,3793.939692,88.473008,3882.4127,1.500212,0.070864,402.8289,15.658788,869.585245,2.296783
255,2017-03-05,06:45:00,239.596097,110.087701,2090.097368,3261.899467,33.805565,3295.7050320000003,1.66195,0.082524,509.28706,15.720456,869.684495,1.001113
256,2017-03-05,06:46:00,239.546828,110.059068,2094.080121,3759.493758,59.809268,3819.303026,1.566854,0.074971,417.757992,15.667866,869.729662,1.511301
257,2017-03-05,06:47:00,240.167097,110.580849,2323.490591,4632.372964,0.0,4632.372964,1.41642,0.058711,313.775104,15.72016,869.487572,0.0
258,2017-03-05,06:48:00,238.707651,110.605866,2377.381066,5050.81357,0.537216,5051.350786,1.172866,0.048316,242.304869,15.652996,869.367776,0.271557
259,2017-03-05,06:49:00,238.847035,110.762736,2316.921066,4380.49484,0.0,4380.49484,1.383577,0.058317,320.638766,15.695735,869.305047,0.0
260,2017-03-05,06:50:00,239.762071,110.481123,2238.039823,3610.494205,7.521971,3618.016176,1.477273,0.069999,427.942358,15.74193,869.483747,0.268199
261,2017-03-05,06:51:00,241.672969,110.282727,2209.024005,3793.042307,3.803521,3796.845828,1.628854,0.077884,431.786571,15.682796,869.608769,0.10445
262,2017-03-05,06:52:00,239.436551,110.040187,2163.067539,3738.588731,49.269171,3787.8579019999997,1.550606,0.073989,416.498725,15.737682,869.721846,1.302778
263,2017-03-05,06:53:00,237.900103,109.863971,2117.145406,3312.468482,158.81478,3471.2832620000004,1.620999,0.080027,491.595113,15.733244,869.825152,4.810279
264,2017-03-05,06:54:00,239.494995,110.149764,2104.392499,3767.989998,10.65161,3778.641608,1.472586,0.069271,407.686836,15.704231,869.725217,0.361582
265,2017-03-05,06:55:00,237.826932,110.257261,2150.64106,3827.319102,0.0,3827.319102,1.367232,0.066873,358.323247,15.642588,869.56667,0.0
266,2017-03-05,06:56:00,239.758018,110.703057,2373.704009,4859.319494,39.449475,4898.768969000001,1.263558,0.051651,261.83243,15.714498,869.340963,0.0
267,2017-03-05,06:57:00,240.916765,110.765709,2395.299995,4378.498132,3.5319,4382.030032,1.445146,0.0634,346.432791,15.763166,869.303555,0.0
268,2017-03-05,06:58:00,238.596069,110.288094,2233.134463,3894.041564,0.0,3894.041564,1.522909,0.071023,390.862056,15.763181,869.581149,0.0
269,2017-03-05,06:59:00,240.780777,110.305771,2186.337866,3887.261672,0.0,3887.261672,1.676491,0.08003,431.424781,15.821542,869.615865,0.0
270,2017-03-05,07:00:00,240.472304,110.148696,2191.924768,3840.939594,50.89599,3891.835584,1.55093,0.073145,405.383728,15.742087,869.655606,1.263008
271,2017-03-05,07:01:00,240.137432,110.148753,2191.689628,3654.027519,12.625397,3666.652916,1.623937,0.078177,444.013265,15.772046,869.667491,0.374596
272,2017-03-05,07:02:00,239.249765,110.051519,2130.695666,3441.315246,19.024504,3460.33975,1.638052,0.080216,483.289829,15.743591,869.723928,0.0
273,2017-03-05,07:03:00,240.290136,110.246796,2146.363351,3844.992299,23.235638,3868.227937,1.517062,0.071375,394.89993,15.733198,869.63188,0.580367
274,2017-03-05,07:04:00,239.310081,110.290051,2138.047546,3653.499408,33.449404,3686.948812,1.506911,0.071612,418.513833,15.741666,869.563009,0.860134
275,2017-03-05,07:05:00,239.742872,110.027015,2119.769931,3404.152475,45.269304,3449.421779,1.639142,0.081158,481.700499,15.718876,869.730353,0.0
276,2017-03-05,07:06:00,239.225273,110.12892,2103.576627,3467.441781,0.0,3467.441781,1.533707,0.07351,442.316521,15.751277,869.694083,0.0
277,2017-03-05,07:07:00,240.091035,110.149844,2136.331501,3320.096512,44.294882,3364.391394,1.664061,0.079392,505.656714,15.747555,869.678573,2.918978
278,2017-03-05,07:08:00,240.035631,110.322565,2231.441079,4272.798161,78.653039,4351.4511999999995,1.4627,0.065311,344.946675,15.72386,869.57101,0.18786
279,2017-03-05,07:09:00,239.77451,110.545258,2246.756763,4286.573011,0.0,4286.573011,1.440482,0.064844,341.844512,15.744622,869.42581,0.0
280,2017-03-05,07:10:00,239.764607,110.338459,2250.082022,4142.661173,8.122386,4150.783559,1.398896,0.063095,337.093019,15.735131,869.545282,0.199061
281,2017-03-05,07:11:00,240.764856,110.373979,2268.545794,4212.074579,0.0,4212.074579,1.499799,0.068559,357.371177,15.764362,869.556839,0.0
282,2017-03-05,07:12:00,240.687522,110.209874,2206.060389,3728.199093,100.051542,3828.2506350000003,1.492957,0.070209,403.82405,15.79506,869.616471,2.7529
283,2017-03-05,07:13:00,241.731761,110.148153,2250.468385,4007.40775,0.0,4007.40775,1.639731,0.070439,418.761973,15.864646,869.66578,0.039467
284,2017-03-05,07:14:00,239.936989,110.011872,2180.126907,3717.094062,70.350785,3787.444847,1.574666,0.075147,426.871656,15.817885,869.745319,1.969647
285,2017-03-05,07:15:00,238.095622,109.744991,2155.837631,3785.814338,9.618743,3795.433081,1.456429,0.0683,397.304196,15.652536,869.907003,0.221696
286,2017-03-05,07:16:00,240.952915,110.855812,2634.469492,5589.622084,0.0,5589.622084,1.136822,0.043307,212.664195,15.779832,870.13531,0.0
287,2017-03-05,07:17:00,240.961951,110.609691,2380.759104,4478.005117,0.0,4478.005117,1.438138,0.060624,320.520465,15.777847,870.732833,0.0
288,2017-03-05,07:18:00,242.96956,110.397016,2321.589959,4136.786526,38.63923,4175.425756,1.534201,0.073927,376.762637,15.890066,870.841973,0.0
289,2017-03-05,07:19:00,242.456378,109.893556,2169.745007,3442.90921,34.130348,3477.039558,1.683619,0.081996,488.692263,15.810935,871.160016,2.918953
290,2017-03-05,07:20:00,242.48448,109.622185,2173.275935,3773.430213,239.93084,4013.361053,1.639437,0.078208,434.330802,15.818943,871.263295,0.494689
291,2017-03-05,07:21:00,239.595562,109.705657,2128.683248,3405.054175,0.0,3405.054175,1.562589,0.075872,470.18237,15.778175,871.256567,0.0
292,2017-03-05,07:22:00,241.092303,110.171368,2244.296492,4119.100115,0.0,4119.100115,1.534245,0.070654,372.339618,15.81858,871.014173,0.0
293,2017-03-05,07:23:00,238.596392,110.196941,2206.975848,3854.728211,34.497326,3889.2255370000003,1.45965,0.067985,382.788264,15.709727,870.951309,0.930163
294,2017-03-05,07:24:00,239.393875,109.891798,2186.519472,3682.684797,0.0,3682.684797,1.548763,0.073894,425.95508,15.738406,871.136028,0.0
295,2017-03-05,07:25:00,240.508247,110.114395,2237.324717,3964.81774,0.0,3964.81774,1.506781,0.073305,380.389616,15.760586,871.07467,1.579136
296,2017-03-05,07:26:00,239.664454,110.121303,2240.343214,3941.688644,10.268359,3951.957003,1.523994,0.069982,403.649983,15.746108,871.022967,0.0
297,2017-03-05,07:27:00,239.665367,109.923524,2163.646084,3656.72716,0.0,3656.72716,1.425576,0.07487,412.295724,15.697807,871.129419,0.0
298,2017-03-05,07:28:00,239.929114,110.121793,2203.254029,3940.353342,46.457143,3986.810485,1.523647,0.069435,390.619982,15.775171,871.018925,0.0
299,2017-03-05,07:29:00,240.334048,110.078121,2209.0216,3817.31269,0.0,3817.31269,1.551552,0.071654,407.01991,15.747347,871.038966,0.0
300,2017-03-05,07:30:00,243.106034,109.932455,2274.478856,3843.072022,78.745384,3921.8174059999997,1.606198,0.074159,421.67549,15.845189,871.088362,1.821581
301,2017-03-05,07:31:00,238.527186,109.955395,2259.598992,3895.227522,94.121869,3989.349391,1.46477,0.066525,380.879738,15.727483,871.122655,2.156127
302,2017-03-05,07:32:00,241.634191,110.19064,2283.907053,4035.103523,1.064552,4036.168075,1.507003,0.067726,378.868625,15.838089,870.984144,0.033022
303,2017-03-05,07:33:00,240.891759,109.865033,2278.277502,3538.384823,43.585509,3581.970332,1.543858,0.072249,447.111501,15.834879,871.119549,1.54225
304,2017-03-05,07:34:00,239.493667,109.985036,2357.949801,4238.77745,3.404861,4242.182311,1.358051,0.059956,354.189914,15.724869,871.078555,0.124338
305,2017-03-05,07:35:00,239.023143,110.246136,2383.12756,5003.72983,31.952365,5035.682195,1.401706,0.059196,286.075689,15.749987,870.940259,0.0
306,2017-03-05,07:36:00,240.590954,110.169913,2304.759858,4105.438451,0.0,4105.438451,1.479012,0.064841,371.674802,15.8079,870.999799,0.0
307,2017-03-05,07:37:00,239.337099,109.859987,2229.022252,3640.455311,59.550072,3700.005383,1.54831,0.072356,449.581257,15.72151,871.185195,2.094345
308,2017-03-05,07:38:00,240.85143,109.811922,2226.710908,3806.380567,9.793225,3816.173792,1.673744,0.07874,462.436797,15.728641,871.225309,0.322742
309,2017-03-05,07:39:00,239.298527,109.810232,2200.201617,3951.01128,0.0,3951.01128,1.392693,0.062049,359.912902,15.717619,871.17353,0.0
310,2017-03-05,07:40:00,239.94077,109.909944,2215.904713,4024.457138,0.0,4024.457138,1.523769,0.069159,379.108302,15.738744,871.152642,0.0
311,2017-03-05,07:41:00,238.751152,109.692465,2241.925507,3691.387462,88.927274,3780.3147360000003,1.375246,0.062318,380.866265,15.690601,871.229098,2.75579
312,2017-03-05,07:42:00,237.750018,109.91096,2252.484959,4306.492882,51.528215,4358.021097,1.329754,0.057007,316.08554,15.626269,871.172391,1.381452
313,2017-03-05,07:43:00,237.51032,109.909481,2212.376423,4312.066978,0.0,4312.066978,1.391435,0.060194,327.717537,15.645808,871.070894,0.0
314,2017-03-05,07:44:00,241.73773,110.01676,2385.931534,4026.359381,0.0,4026.359381,1.534982,0.066876,391.404124,15.785582,871.09476,1.078749
315,2017-03-05,07:45:00,237.550806,109.498795,2175.96249,3159.526215,16.539362,3176.065577,1.58066,0.07698,512.061332,15.71376,871.38024,0.414877
316,2017-03-05,07:46:00,238.26595,109.798199,2284.772574,4392.022928,42.168548,4434.191476,1.389337,0.05991,324.044677,15.715967,871.246979,1.014521
317,2017-03-05,07:47:00,240.486125,110.135986,2440.775681,5177.282712,58.029519,5235.312231,1.387408,0.053288,270.481229,15.823783,870.968491,0.0
318,2017-03-05,07:48:00,241.398578,109.882256,2335.309797,4197.586537,0.0,4197.586537,1.581372,0.071421,383.536747,15.806141,871.165045,0.0
319,2017-03-05,07:49:00,242.795407,109.378669,2232.395367,3575.533662,0.0,3575.533662,1.915339,0.093405,535.128215,15.854279,871.402824,0.0
320,2017-03-05,07:50:00,241.054911,109.316924,2172.668809,3557.32121,51.993615,3609.314825,1.613123,0.076893,463.510478,15.718442,871.520574,1.034848
321,2017-03-05,07:51:00,238.258635,109.620484,2222.882066,3719.968912,13.226098,3733.19501,1.473143,0.070903,401.512427,15.643754,871.318923,0.180422
322,2017-03-05,07:52:00,237.886935,109.413914,2198.836185,3633.90089,109.644689,3743.545579,1.532898,0.071906,420.995376,15.687658,871.435349,2.389406
323,2017-03-05,07:53:00,237.529464,109.577711,2203.892144,4028.589488,28.578717,4057.168205,1.449818,0.065383,363.269391,15.668025,871.309678,0.778612
324,2017-03-05,07:54:00,240.40531,109.800266,2275.418669,4179.332044,9.018519,4188.350563,1.543621,0.069554,380.636134,15.717291,871.24235,0.204532
325,2017-03-05,07:55:00,238.695235,109.701003,2304.985067,4300.788756,14.438201,4315.226957,1.43598,0.063078,339.44912,15.664102,871.293943,0.384704
326,2017-03-05,07:56:00,238.377156,109.805668,2327.93684,4073.984371,78.743912,4152.728283,1.407189,0.062442,349.227952,15.68089,871.22648,2.172738
327,2017-03-05,07:57:00,240.397361,109.727022,2238.337716,3868.052489,0.0,3868.052489,1.565621,0.072276,405.073198,15.76482,871.250967,0.0
328,2017-03-05,07:58:00,240.906771,109.564579,2257.446655,3802.583179,0.0,3802.583179,1.615378,0.074419,430.862921,15.794165,871.316221,0.0
329,2017-03-05,07:59:00,240.584695,109.487115,2295.758673,3923.899661,0.0,3923.899661,1.597251,0.073296,436.446025,15.781697,871.405422,0.301244
330,2017-03-05,08:00:00,239.253887,109.753568,2384.998302,4096.424015,18.09729,4114.521304999999,1.474388,0.060692,358.542077,15.823609,871.19802,0.458966
331,2017-03-05,08:01:00,242.077208,109.814993,2402.567548,4478.743273,114.691721,4593.434994,1.532456,0.067042,343.62555,15.841212,871.216711,2.680393
332,2017-03-05,08:02:00,240.605741,109.53511,2271.296954,3934.962167,0.0,3934.962167,1.608954,0.074413,412.827592,15.78561,871.361935,0.0
333,2017-03-05,08:03:00,239.122318,109.283243,2217.060239,3672.949474,0.0,3672.949474,1.688112,0.080614,458.966226,15.707196,871.521162,0.0
334,2017-03-05,08:04:00,239.631249,109.416316,2237.029933,3783.619221,0.0,3783.619221,1.581381,0.072722,426.706972,15.688852,871.469835,0.0
335,2017-03-05,08:05:00,241.093788,110.14865,2529.800482,5327.840775,22.962725,5350.8035,1.361794,0.053398,258.793457,15.780101,871.052699,0.475016
336,2017-03-05,08:06:00,239.334236,110.033894,2363.618389,3918.081076,0.0,3918.081076,1.405549,0.063592,372.413126,15.743197,871.150788,4.050638
337,2017-03-05,08:07:00,239.067553,109.841737,2326.09293,4027.074177,0.0,4027.074177,1.526713,0.067577,381.403709,15.763318,871.21612,0.0
338,2017-03-05,08:08:00,240.358454,109.244743,2262.98068,4024.50807,156.985781,4181.493851,1.584551,0.074121,403.206424,15.795178,871.512658,0.0
339,2017-03-05,08:09:00,240.000542,109.537567,2353.17485,4058.844986,33.014618,4091.859604,1.395179,0.061494,348.622457,15.75745,871.350068,0.898523
340,2017-03-05,08:10:00,240.173611,109.491602,2270.56146,3816.792442,10.466478,3827.2589199999998,1.636654,0.076635,445.944764,15.762852,871.404123,0.315279
341,2017-03-05,08:11:00,238.969129,109.291294,2255.550195,3780.361445,63.093507,3843.454952,1.630203,0.076733,450.071601,15.728566,871.511856,1.517089
342,2017-03-05,08:12:00,239.34538,109.771448,2464.309613,4646.983525,2.455563,4649.439088,1.391195,0.058577,309.491784,15.695987,871.285283,0.050039
343,2017-03-05,08:13:00,240.324264,109.5995,2294.608115,3900.125959,0.0,3900.125959,1.540151,0.070654,401.265644,15.760948,871.308947,0.0
344,2017-03-05,08:14:00,239.02187,109.038737,2195.483511,3662.489356,140.011595,3802.500951,1.710861,0.08216,469.77362,15.67627,871.639034,3.796422
345,2017-03-05,08:15:00,235.407304,109.476884,2278.457831,3962.558988,35.408861,3997.967849,1.273808,0.055778,320.299792,15.519709,871.42944,0.911439
346,2017-03-05,08:16:00,240.842418,109.722694,2321.389598,4149.642263,1.988187,4151.63045,1.612299,0.070502,406.327589,15.779415,871.280419,0.0
347,2017-03-05,08:17:00,237.524604,109.392589,2161.43605,3828.305404,0.0,3828.305404,1.594596,0.07329,425.589045,15.617433,871.468854,1.505179
348,2017-03-05,08:18:00,239.729248,109.286906,2295.5818,3935.615936,57.729605,3993.345541,1.445928,0.065366,366.936755,15.657412,871.484447,1.520298
349,2017-03-05,08:19:00,238.912336,109.715007,2397.111073,4416.057793,3.132811,4419.190604,1.431087,0.062154,343.262431,15.701177,871.251796,0.058495
